CaseReference,PredictedSeverityScore
HLD-000001,5
HLD-000002,4
HLD-000003,1
HLD-000004,3
HLD-000005,4
HLD-000006,2
HLD-000007,1
HLD-000008,3
HLD-000009,1
HLD-000010,5
HLD-000011,3
HLD-000012,2
HLD-000013,4
HLD-000014,1
HLD-000015,1
HLD-000016,2
HLD-000017,4
HLD-000018,2
HLD-000019,1
HLD-000020,3
HLD-000021,4
HLD-000022,4
HLD-000023,3
HLD-000024,4
HLD-000025,1
HLD-000026,3
HLD-000027,4
HLD-000028,1
HLD-000029,1
HLD-000030,3
HLD-000031,2
HLD-000032,1
HLD-000033,1
HLD-000034,2
HLD-000035,4
HLD-000036,2
HLD-000037,3
HLD-000038,2
HLD-000039,4
HLD-000040,2
HLD-000041,4
HLD-000042,2
HLD-000043,2
HLD-000044,2
HLD-000045,4
HLD-000046,2
HLD-000047,1
HLD-000048,6
HLD-000049,2
HLD-000050,2
HLD-000051,3
HLD-000052,4
HLD-000053,5
HLD-000054,4
HLD-000055,4
HLD-000056,3
HLD-000057,2
HLD-000058,5
HLD-000059,2
HLD-000060,4
HLD-000061,6
HLD-000062,2
HLD-000063,2
HLD-000064,5
HLD-000065,1
HLD-000066,1
HLD-000067,2
HLD-000068,2
HLD-000069,6
HLD-000070,2
HLD-000071,5
HLD-000072,6
HLD-000073,2
HLD-000074,3
HLD-000075,1
HLD-000076,1
HLD-000077,4
HLD-000078,3
HLD-000079,3
HLD-000080,1
HLD-000081,2
HLD-000082,1
HLD-000083,5
HLD-000084,1
HLD-000085,6
HLD-000086,3
HLD-000087,6
HLD-000088,3
HLD-000089,6
HLD-000090,2
HLD-000091,3
HLD-000092,1
HLD-000093,1
HLD-000094,2
HLD-000095,5
HLD-000096,4
HLD-000097,3
HLD-000098,4
HLD-000099,4
HLD-000100,2
HLD-000101,2
HLD-000102,1
HLD-000103,5
HLD-000104,2
HLD-000105,2
HLD-000106,3
HLD-000107,2
HLD-000108,1
HLD-000109,1
HLD-000110,5
HLD-000111,2
HLD-000112,1
HLD-000113,1
HLD-000114,4
HLD-000115,3
HLD-000116,3
HLD-000117,4
HLD-000118,1
HLD-000119,1
HLD-000120,1
HLD-000121,3
HLD-000122,1
HLD-000123,1
HLD-000124,1
HLD-000125,3
HLD-000126,2
HLD-000127,3
HLD-000128,4
HLD-000129,4
HLD-000130,2
HLD-000131,1
HLD-000132,1
HLD-000133,5
HLD-000134,2
HLD-000135,1
HLD-000136,1
HLD-000137,1
HLD-000138,5
HLD-000139,1
HLD-000140,1
HLD-000141,2
HLD-000142,1
HLD-000143,1
HLD-000144,4
HLD-000145,4
HLD-000146,4
HLD-000147,2
HLD-000148,1
HLD-000149,2
HLD-000150,1
HLD-000151,1
HLD-000152,1
HLD-000153,5
HLD-000154,6
HLD-000155,6
HLD-000156,3
HLD-000157,2
HLD-000158,2
HLD-000159,1
HLD-000160,1
HLD-000161,2
HLD-000162,2
HLD-000163,1
HLD-000164,3
HLD-000165,5
HLD-000166,6
HLD-000167,3
HLD-000168,3
HLD-000169,1
HLD-000170,2
HLD-000171,1
HLD-000172,3
HLD-000173,2
HLD-000174,1
HLD-000175,5
HLD-000176,3
HLD-000177,2
HLD-000178,6
HLD-000179,1
HLD-000180,5
HLD-000181,5
HLD-000182,1
HLD-000183,3
HLD-000184,1
HLD-000185,1
HLD-000186,4
HLD-000187,5
HLD-000188,1
HLD-000189,1
HLD-000190,2
HLD-000191,6
HLD-000192,2
HLD-000193,1
HLD-000194,3
HLD-000195,2
HLD-000196,2
HLD-000197,3
HLD-000198,1
HLD-000199,4
HLD-000200,3
HLD-000201,4
HLD-000202,4
HLD-000203,3
HLD-000204,3
HLD-000205,5
HLD-000206,2
HLD-000207,3
HLD-000208,2
HLD-000209,3
HLD-000210,4
HLD-000211,4
HLD-000212,5
HLD-000213,3
HLD-000214,4
HLD-000215,1
HLD-000216,3
HLD-000217,2
HLD-000218,3
HLD-000219,3
HLD-000220,5
HLD-000221,5
HLD-000222,1
HLD-000223,4
HLD-000224,2
HLD-000225,1
HLD-000226,4
HLD-000227,2
HLD-000228,1
HLD-000229,4
HLD-000230,1
HLD-000231,3
HLD-000232,1
HLD-000233,1
HLD-000234,1
HLD-000235,2
HLD-000236,3
HLD-000237,1
HLD-000238,4
HLD-000239,5
HLD-000240,1
HLD-000241,6
HLD-000242,3
HLD-000243,3
HLD-000244,2
HLD-000245,1
HLD-000246,6
HLD-000247,5
HLD-000248,6
HLD-000249,1
HLD-000250,4
HLD-000251,1
HLD-000252,5
HLD-000253,1
HLD-000254,2
HLD-000255,3
HLD-000256,5
HLD-000257,1
HLD-000258,3
HLD-000259,2
HLD-000260,4
HLD-000261,1
HLD-000262,2
HLD-000263,1
HLD-000264,3
HLD-000265,3
HLD-000266,1
HLD-000267,5
HLD-000268,1
HLD-000269,2
HLD-000270,3
HLD-000271,2
HLD-000272,4
HLD-000273,1
HLD-000274,2
HLD-000275,5
HLD-000276,5
HLD-000277,2
HLD-000278,1
HLD-000279,3
HLD-000280,4
HLD-000281,1
HLD-000282,2
HLD-000283,2
HLD-000284,2
HLD-000285,2
HLD-000286,3
HLD-000287,4
HLD-000288,3
HLD-000289,1
HLD-000290,3
HLD-000291,4
HLD-000292,5
HLD-000293,3
HLD-000294,1
HLD-000295,4
HLD-000296,1
HLD-000297,1
HLD-000298,1
HLD-000299,5
HLD-000300,4
HLD-000301,5
HLD-000302,4
HLD-000303,1
HLD-000304,3
HLD-000305,3
HLD-000306,4
HLD-000307,1
HLD-000308,1
HLD-000309,5
HLD-000310,1
HLD-000311,5
HLD-000312,1
HLD-000313,5
HLD-000314,2
HLD-000315,3
HLD-000316,4
HLD-000317,1
HLD-000318,5
HLD-000319,2
HLD-000320,2
HLD-000321,3
HLD-000322,1
HLD-000323,2
HLD-000324,1
HLD-000325,6
HLD-000326,1
HLD-000327,2
HLD-000328,2
HLD-000329,1
HLD-000330,2
HLD-000331,2
HLD-000332,1
HLD-000333,3
HLD-000334,2
HLD-000335,3
HLD-000336,1
HLD-000337,2
HLD-000338,3
HLD-000339,3
HLD-000340,3
HLD-000341,2
HLD-000342,1
HLD-000343,1
HLD-000344,3
HLD-000345,4
HLD-000346,2
HLD-000347,2
HLD-000348,1
HLD-000349,2
HLD-000350,3
HLD-000351,1
HLD-000352,5
HLD-000353,2
HLD-000354,4
HLD-000355,3
HLD-000356,4
HLD-000357,6
HLD-000358,2
HLD-000359,1
HLD-000360,4
HLD-000361,2
HLD-000362,3
HLD-000363,5
HLD-000364,3
HLD-000365,4
HLD-000366,3
HLD-000367,1
HLD-000368,6
HLD-000369,2
HLD-000370,2
HLD-000371,3
HLD-000372,3
HLD-000373,3
HLD-000374,3
HLD-000375,3
HLD-000376,3
HLD-000377,2
HLD-000378,4
HLD-000379,1
HLD-000380,3
HLD-000381,1
HLD-000382,6
HLD-000383,6
HLD-000384,3
HLD-000385,2
HLD-000386,1
HLD-000387,1
HLD-000388,1
HLD-000389,1
HLD-000390,1
HLD-000391,3
HLD-000392,4
HLD-000393,5
HLD-000394,2
HLD-000395,1
HLD-000396,1
HLD-000397,4
HLD-000398,4
HLD-000399,4
HLD-000400,1
HLD-000401,2
HLD-000402,4
HLD-000403,4
HLD-000404,5
HLD-000405,1
HLD-000406,2
HLD-000407,3
HLD-000408,4
HLD-000409,4
HLD-000410,2
HLD-000411,3
HLD-000412,4
HLD-000413,2
HLD-000414,1
HLD-000415,5
HLD-000416,1
HLD-000417,2
HLD-000418,5
HLD-000419,2
HLD-000420,5
HLD-000421,1
HLD-000422,1
HLD-000423,5
HLD-000424,4
HLD-000425,4
HLD-000426,4
HLD-000427,2
HLD-000428,2
HLD-000429,3
HLD-000430,1
HLD-000431,2
HLD-000432,3
HLD-000433,1
HLD-000434,1
HLD-000435,3
HLD-000436,3
HLD-000437,2
HLD-000438,3
HLD-000439,1
HLD-000440,1
HLD-000441,4
HLD-000442,2
HLD-000443,3
HLD-000444,2
HLD-000445,4
HLD-000446,5
HLD-000447,3
HLD-000448,5
HLD-000449,5
HLD-000450,4
HLD-000451,1
HLD-000452,1
HLD-000453,1
HLD-000454,1
HLD-000455,4
HLD-000456,2
HLD-000457,4
HLD-000458,1
HLD-000459,1
HLD-000460,4
HLD-000461,1
HLD-000462,6
HLD-000463,1
HLD-000464,4
HLD-000465,3
HLD-000466,5
HLD-000467,3
HLD-000468,1
HLD-000469,2
HLD-000470,3
HLD-000471,1
HLD-000472,3
HLD-000473,1
HLD-000474,1
HLD-000475,2
HLD-000476,4
HLD-000477,2
HLD-000478,3
HLD-000479,3
HLD-000480,1
HLD-000481,1
HLD-000482,5
HLD-000483,1
HLD-000484,1
HLD-000485,2
HLD-000486,4
HLD-000487,3
HLD-000488,5
HLD-000489,2
HLD-000490,2
HLD-000491,1
HLD-000492,2
HLD-000493,1
HLD-000494,5
HLD-000495,2
HLD-000496,3
HLD-000497,2
HLD-000498,2
HLD-000499,4
HLD-000500,2
